Generation,Area (in μm²),Power (in μW)
1, 929.88,14.60297765
2, 929.88,14.60297765
